{
  "accuracy": 0.8688524590163934,
  "precision": 0.8766252119841718,
  "recall": 0.8688524590163934,
  "f1_score": 0.8689934778776661
}